{
  "project_info": {
    "project_number": "554228310190",
    "firebase_url": "https://smile-detector-c353c.firebaseio.com",
    "project_id": "smile-detector-c353c",
    "storage_bucket": "smile-detector-c353c.appspot.com"
  },
  "client": [
    {
      "client_info": {
        "mobilesdk_app_id": "1:554228310190:android:2857f47f6a0fb33af08d3f",
        "android_client_info": {
          "package_name": "com.example.smiledetector"
        }
      },
      "oauth_client": [
        {
          "client_id": "554228310190-v8mbv7nub6mkh238vb29bul8s4emskbb.apps.googleusercontent.com",
          "client_type": 1,
          "android_info": {
            "package_name": "com.example.smiledetector",
            "certificate_hash": "986e3e22a0a7f5b34f1ff9442e1d5f1af05c7d2e"
          }
        },
        {
          "client_id": "554228310190-bnn6ioofepqhvigcfqgg75nvb0itojp6.apps.googleusercontent.com",
          "client_type": 3
        }
      ],
      "api_key": [
        {
          "current_key": "AIzaSyBPSDqjSy0Eh-QBOiwIb5vmt5Nl-WZE2LA"
        }
      ],
      "services": {
        "appinvite_service": {
          "other_platform_oauth_client": [
            {
              "client_id": "554228310190-bnn6ioofepqhvigcfqgg75nvb0itojp6.apps.googleusercontent.com",
              "client_type": 3
            }
          ]
        }
      }
    }
  ],
  "configuration_version": "1"
}